Domain,Status,Attractiveness,Demand,Length,Sectors,Created,Expires,Registrar
one.social,resell,132,44%,3,"Business,General,Media,Technology",14/10/2018 06:52,14/10/2025 06:52,Dynadot Inc
brief.social,available,124,19%,5,"Business,Education,General,Law",,,
complete.social,available,120,21%,8,"Manufacturing,Retail,Technology",,,
wizard.social,resell,118,42%,6,"Entertainment,Media,Technology",14/06/2024 17:00,14/06/2026 17:00,"DNSPod, Inc."
tenth.social,available,116,7%,5,Mathematics,,,
equal.social,resell,116,19%,5,"Education,General,Law",27/02/2024 17:00,27/02/2026 17:00,"Xiamen ChinaSource Internet Service Co., Ltd"
hotshot.social,available,112,14%,7,"Business,Entertainment,Sports",,,
acute.social,available,112,9%,5,"Mathematics,Medicine,Science",,,
zero.social,resell,112,49%,4,Mathematics,22/04/2022 13:15,22/04/2026 13:15,"DNSPod, Inc."
abstract.social,resell,108,29%,8,"Arts,Humanities,Science",24/01/2025 16:16,24/01/2026 16:16,"GoDaddy.com, LLC"
abiding.social,available,106,5%,7,"General,Religion",,,
teen.social,available,104,14%,4,"Education,Entertainment,Healthcare",,,
expert.social,available,104,26%,6,"Business,Education,Technology",,,
eight.social,available,102,23%,5,"General,Mathematics",,,
absent.social,resell,102,8%,6,"Business,Education,Technology",16/05/2023 05:01,16/05/2026 05:01,"GoDaddy.com, LLC"
extra.social,resell,102,26%,5,"Fashion,Retail,Technology",01/04/2021 22:58,01/04/2026 22:58,"Chengdu West Dimension Digital Technology Co., Ltd."
captive.social,available,102,14%,7,"Entertainment,Hospitality,Technology",,,
remove.social,available,100,13%,6,"Construction,Manufacturing,Technology",,,
ninth.social,available,100,9%,5,Mathematics,,,
whiz.social,resell,100,12%,4,"Business,Education,Technology",07/03/2025 15:15,07/03/2026 15:15,"Sav.com, LLC - 34"
abrupt.social,available,100,3%,6,"Medicine,Science",,,
adjunct.social,available,100,5%,7,Education,,,
eighth.social,available,100,6%,6,Mathematics,,,
whizz.social,available,98,11%,5,"Business,Education,Technology",,,
doable.social,available,96,9%,6,"Business,Education,Technology",,,
forgiving.social,available,96,3%,9,"Healthcare,Religion",,,
virtuoso.social,available,94,16%,8,"Arts,Entertainment",,,
abject.social,available,94,7%,6,Humanities,,,
adequate.social,available,94,9%,8,"Education,Healthcare,Technology",,,
nought.social,available,92,4%,6,Mathematics,,,
adjective.social,available,92,5%,9,Education,,,
twentieth.social,available,92,3%,9,Mathematics,,,
exemplary.social,available,92,5%,9,"Business,Education,Healthcare",,,
neutral.social,available,92,20%,7,"Business,Media,Politics",,,
abroad.social,available,92,12%,6,"Hospitality,Travel",,,
derelict.social,available,92,7%,8,"Construction,Real Estate",,,
riveting.social,available,90,6%,8,"Entertainment,Media,Technology",,,
endearing.social,available,90,1%,9,"Entertainment,Fashion,Retail",,,
adoring.social,available,90,2%,7,"Entertainment,Fashion,Retail",,,
gripping.social,available,90,3%,8,"Entertainment,Media,Technology",,,
additional.social,available,90,8%,10,"Fashion,Retail,Technology",,,
abortive.social,available,90,1%,8,"Medicine,Science",,,
activist.social,available,88,12%,8,"Humanities,Politics",,,
three.social,available,88,24%,5,Mathematics,,,
twelve.social,resell,88,18%,6,"General,Mathematics",19/07/2024 18:27,19/07/2026 18:27,"NameCheap, Inc."
fifteen.social,available,88,13%,7,Mathematics,,,
adlib.social,available,88,7%,6,Entertainment,,,
wide.social,resell,88,18%,4,"Business,Media,Technology",26/02/2015 06:32,26/02/2026 06:32,"Name.com, Inc."
sixteen.social,available,88,11%,7,Mathematics,,,
proficient.social,available,88,8%,10,"Education,Health and Fitness,Sports",,,
actionable.social,available,88,13%,10,"Business,Law",,,
hundred.social,available,88,14%,7,Mathematics,,,
eleven.social,resell,88,33%,6,Mathematics,26/11/2024 17:00,26/11/2025 17:00,"Sav.com, LLC - 18"
attendant.social,available,86,5%,9,"Healthcare,Hospitality,Transportation",,,
aboriginal.social,available,86,10%,10,Humanities,,,
extempore.social,available,86,3%,9,Entertainment,,,
cipher.social,resell,86,29%,6,Mathematics,12/04/2018 03:27,12/04/2026 03:27,"Name.com, Inc."
adolescent.social,available,86,3%,10,"Education,Entertainment,Healthcare",,,
engrossing.social,available,86,0%,10,"Entertainment,Media,Technology",,,
recondite.social,available,86,4%,9,"Arts,Humanities,Science",,,
thousand.social,available,84,8%,8,Mathematics,,,
accessory.social,available,84,8%,9,"Fashion,Retail,Technology",,,
twentyone.social,available,84,13%,10,Mathematics,,,
adjustable.social,available,84,3%,10,"Manufacturing,Retail,Technology",,,
fourteen.social,available,84,8%,8,Mathematics,,,
grand.social,resell,84,25%,5,"Finance,General",01/04/2021 23:16,01/04/2026 23:16,"DNSPod, Inc."
nineteen.social,available,84,8%,8,Mathematics,,,
thirteen.social,available,84,10%,8,Mathematics,,,
acting.social,expiring,84,12%,6,Entertainment,02/09/2014 20:57,02/09/2025 20:57,"eNom, LLC"
sharp.social,available,84,34%,5,"Arts,Fashion",,,
seventeen.social,available,84,7%,9,Mathematics,,,
deviate.social,available,84,12%,7,"Medicine,Science",,,
abdominal.social,available,82,1%,9,"Health and Fitness,Medicine",,,
absorbent.social,available,82,3%,9,"Healthcare,Manufacturing,Retail",,,
altered.social,available,82,9%,7,"Medicine,Science",,,
cleansing.social,available,82,3%,9,Health and Fitness,,,
impromptu.social,available,82,16%,9,Entertainment,,,
fivesome.social,available,82,1%,8,Sports,,,
abroach.social,available,82,1%,7,Food and Beverage,,,
decade.social,resell,82,10%,6,Mathematics,15/06/2021 13:45,15/06/2026 13:45,101domain GRS Limited
abkhaz.social,available,82,1%,6,Geography,,,
abenaki.social,available,82,2%,7,Geography,,,
dozen.social,available,82,10%,5,Mathematics,,,
adoptable.social,available,80,3%,9,"Education,Healthcare",,,
twenty.social,available,80,12%,6,Mathematics,,,
absorbable.social,available,80,0%,10,"Healthcare,Pharmaceuticals,Science",,,
capable.social,available,80,12%,7,"Business,Education,Technology",,,
wiz.social,resell,80,30%,3,"Business,Education,Technology",22/07/2024 17:00,22/07/2026 17:00,"DNSPod, Inc."
yard.social,expiring,80,26%,4,"Construction,General",26/08/2021 16:01,26/08/2025 16:01,Squarespace Domains II LLC
able.social,resell,80,29%,4,"Business,Education,General,Technology",18/11/2023 15:15,18/11/2025 15:15,"Sav.com, LLC - 21"
trio.social,available,80,21%,4,Entertainment,,,
dorsal.social,available,80,6%,6,"Medicine,Science",,,
sequent.social,available,80,7%,7,"Healthcare,Insurance,Transportation",,,
abundant.social,available,80,19%,8,"Agriculture,Manufacturing,Retail",,,
absolute.social,resell,80,25%,8,"Engineering,Mathematics,Science",04/01/2024 17:00,04/01/2026 17:00,"Xiamen ChinaSource Internet Service Co., Ltd"
seventh.social,available,80,10%,7,Mathematics,,,
worshipful.social,available,80,1%,10,"Education,Healthcare,Religion",,,
forty.social,available,80,9%,5,Mathematics,,,
honestly.social,available,78,9%,8,"Business,Law",,,
absorptive.social,available,78,1%,10,"Healthcare,Manufacturing,Retail",,,
abkhazian.social,available,78,1%,9,Geography,,,
adorable.social,available,78,8%,8,"Entertainment,Fashion,Retail",,,
adrenal.social,available,78,4%,7,"Education,Healthcare,Science",,,
adjacent.social,available,78,9%,8,"Construction,Real Estate,Retail",,,
twentysix.social,available,78,8%,10,Mathematics,,,
abounding.social,available,78,2%,9,Agriculture,,,
abkhasian.social,available,78,1%,9,Geography,,,
sixtynine.social,available,78,8%,10,Mathematics,,,
recognized.social,available,78,3%,10,"Business,Education,Technology",,,
athletic.social,available,78,15%,8,"Health and Fitness,Sports",,,
dormant.social,available,78,4%,7,"Medicine,Science",,,
low.social,available,78,20%,3,"Business,Finance",,,
accidental.social,available,78,11%,10,"Healthcare,Insurance,Transportation",,,
accepted.social,available,78,6%,8,"Business,Education,Technology",,,
acceptant.social,available,78,1%,9,"Education,Healthcare",,,
recognised.social,available,78,3%,10,"Business,Education,Technology",,,
acceptable.social,available,78,5%,10,"Business,Hospitality,Retail",,,
adhesive.social,available,76,7%,8,"Construction,Manufacturing,Technology",,,
threed.social,available,76,7%,7,Technology,,,
adaptive.social,available,76,28%,8,"Business,Education,Technology",,,
acoustic.social,available,76,14%,8,Science,,,
addable.social,available,76,2%,7,"Engineering,Mathematics,Science",,,
fifteenth.social,available,76,2%,9,Mathematics,,,
nineteenth.social,available,76,3%,10,Mathematics,,,
abrasive.social,available,76,6%,8,"Construction,Manufacturing",,,
eighteen.social,available,76,7%,8,Mathematics,,,
hundredth.social,available,76,1%,9,Mathematics,,,
resultant.social,available,76,2%,9,"Healthcare,Insurance,Transportation",,,
improvise.social,available,76,4%,9,Entertainment,,,
obscene.social,available,76,5%,7,"Entertainment,Media",,,
energizing.social,available,76,3%,10,"Food and Beverage,Health and Fitness,Travel",,,
adherent.social,available,76,4%,8,"Politics,Religion",,,
adaptable.social,available,76,9%,9,"Business,Education,Technology",,,
thirteenth.social,available,76,4%,10,Mathematics,,,
incidental.social,available,76,4%,10,"Healthcare,Insurance,Transportation",,,
ague.social,available,76,2%,4,"Geography,Medicine,Science",,,
adipose.social,available,76,2%,7,"Healthcare,Science",,,
ventral.social,available,76,3%,7,Science,,,
thousandth.social,available,76,1%,10,Mathematics,,,
ancillary.social,available,76,6%,9,"Healthcare,Manufacturing,Technology",,,
fourteenth.social,available,76,1%,10,Mathematics,,,
firstrate.social,available,76,6%,10,Business,,,
adamant.social,available,74,14%,7,Religion,,,
manageable.social,available,74,4%,10,"Business,Education,Technology",,,
adenoid.social,available,74,1%,7,"Health and Fitness,Medicine,Science",,,
realizable.social,available,74,1%,10,"Business,Education,Technology",,,
adrenergic.social,available,74,1%,10,"Education,Healthcare,Science",,,
accepting.social,available,74,3%,9,"Education,Healthcare",,,
acuate.social,available,74,2%,6,"Engineering,Medicine,Science",,,
sensation.social,available,74,7%,9,"Entertainment,Media,Sports",,,
aberrant.social,available,74,6%,8,"Medicine,Science",,,
cleared.social,available,74,7%,7,"Healthcare,Law,Transportation",,,
skilful.social,available,74,3%,7,"Education,Health and Fitness,Sports",,,
mavin.social,available,74,7%,5,"Entertainment,Fashion,Technology",,,
activated.social,available,74,9%,9,"Healthcare,Manufacturing,Technology",,,
adapted.social,available,74,6%,7,"Healthcare,Manufacturing,Technology",,,
admirable.social,available,74,5%,9,"Business,Education,Healthcare",,,
abnormal.social,available,74,16%,8,"Medicine,Science",,,
absorbed.social,available,72,2%,8,"Entertainment,Media,Technology",,,
adjectival.social,available,72,1%,10,Education,,,
adonic.social,available,72,2%,6,"Arts,Education,Entertainment",,,
aching.social,available,72,4%,6,Healthcare,,,
improvize.social,available,72,1%,9,Entertainment,,,
accusative.social,available,72,0%,10,"Humanities,Law",,,
trey.social,available,72,14%,4,Sports,,,
sixtieth.social,available,72,1%,8,Mathematics,,,
adjunctive.social,available,72,1%,10,"Healthcare,Manufacturing,Technology",,,
abloom.social,available,72,5%,6,Agriculture,,,
adiabatic.social,available,72,3%,9,"Engineering,Science",,,
absolutist.social,available,72,1%,10,"Humanities,Law,Politics",,,
trinity.social,expiring,72,18%,7,Religion,27/08/2024 19:36,27/08/2025 19:36,"GoDaddy.com, LLC"
abreast.social,available,72,2%,7,"Business,Technology",,,
ternary.social,available,72,7%,7,Mathematics,,,
ablaze.social,available,72,6%,6,Entertainment,,,
liv.social,resell,72,27%,3,Mathematics,29/04/2014 21:48,29/04/2026 21:48,Squarespace Domains II LLC
engrossed.social,available,72,1%,9,"Entertainment,Media,Technology",,,
eightieth.social,available,72,1%,9,Mathematics,,,
deep.social,resell,72,41%,4,"Engineering,Mathematics,Science",18/07/2021 13:12,18/07/2026 13:12,"Chengdu West Dimension Digital Technology Co., Ltd."
accustomed.social,available,72,1%,10,"Business,Education,Humanities",,,
ninetieth.social,available,72,1%,9,Mathematics,,,
adaptative.social,available,72,1%,10,"Business,Education,Technology",,,
seventieth.social,available,72,1%,10,Mathematics,,,
existent.social,available,72,3%,8,"Mathematics,Science",,,
gymnastic.social,available,70,3%,9,"Entertainment,Sports",,,
offhand.social,available,70,2%,7,Entertainment,,,
consequent.social,available,70,3%,10,"Business,Education,General,Technology",,,
recumbent.social,available,70,2%,9,"Healthcare,Medicine,Science",,,
acuminate.social,available,70,1%,9,"Engineering,Medicine,Science",,,
adjusted.social,available,70,5%,8,"Manufacturing,Retail,Technology",,,
abradant.social,available,70,1%,8,"Construction,Manufacturing",,,
absorbing.social,available,70,3%,9,"Entertainment,Media,Technology",,,
stillborn.social,available,70,2%,9,"Medicine,Science",,,
admired.social,available,70,5%,7,"Business,Education,Healthcare",,,
accumbent.social,available,70,1%,9,"Healthcare,Medicine,Science",,,
skillful.social,available,70,9%,8,"Education,Health and Fitness,Sports",,,
practiced.social,available,70,3%,9,"Education,Health and Fitness,Sports",,,
adamantine.social,available,70,4%,10,Religion,,,
lowdown.social,available,70,6%,8,"Entertainment,Media",,,
miserable.social,available,70,4%,9,Humanities,,,
abulic.social,available,70,1%,6,Medicine,,,
adored.social,available,70,6%,6,"Entertainment,Fashion,Retail",,,
stygian.social,available,68,5%,7,Humanities,,,
abducent.social,available,68,0%,8,Medicine,,,
sevener.social,available,68,1%,7,Mathematics,,,
aculeate.social,available,68,1%,8,"Engineering,Medicine,Science",,,
overseas.social,available,68,12%,8,"Hospitality,Travel",,,
acerate.social,available,68,1%,7,Science,,,
ane.social,available,68,12%,3,Mathematics,,,
ablative.social,available,68,3%,8,Science,,,
disciple.social,available,68,14%,8,"Education,Religion",,,
licensed.social,available,68,5%,8,"Business,Healthcare,Insurance",,,
vindicated.social,available,68,2%,10,"Humanities,Law,Politics",,,
abkhas.social,available,68,0%,6,Geography,,,
ennead.social,available,68,5%,6,Mathematics,,,
thirtieth.social,available,68,1%,9,Mathematics,,,
aberdonian.social,available,68,1%,10,Geography,,,
accredited.social,available,68,9%,10,"Business,Education,Healthcare",,,
abnaki.social,available,68,1%,6,Geography,,,
licenced.social,available,68,2%,8,"Business,Healthcare,Insurance",,,
achaean.social,available,68,2%,7,Humanities,,,
achaian.social,available,68,2%,7,Humanities,,,
fortieth.social,available,68,0%,8,Mathematics,,,
activating.social,available,68,3%,10,"Healthcare,Manufacturing,Technology",,,
threesome.social,available,68,5%,9,Entertainment,,,
octonary.social,available,68,1%,8,Mathematics,,,
septenary.social,available,68,1%,9,Mathematics,,,
fiftieth.social,available,68,0%,8,Mathematics,,,
decorated.social,available,68,3%,9,"Entertainment,Fashion,Retail",,,
aroused.social,available,68,3%,7,"Entertainment,Health and Fitness",,,
scurvy.social,available,68,3%,6,Humanities,,,
ninety.social,available,66,11%,6,Mathematics,,,
thirty.social,available,66,8%,6,Mathematics,,,
fifty.social,available,66,12%,5,Mathematics,,,
abstinent.social,available,66,1%,9,"Health and Fitness,Religion",,,
xxvi.social,available,66,3%,4,Mathematics,,,
modish.social,available,66,5%,6,Fashion,,,
acrobatic.social,available,66,4%,9,"Entertainment,Sports",,,
according.social,available,66,3%,9,"Business,Education,Technology",,,
xxii.social,available,66,6%,4,Mathematics,,,
xii.social,available,66,10%,3,Mathematics,,,
maven.social,resell,66,30%,5,"Entertainment,Fashion,Technology",18/04/2020 12:02,18/04/2026 12:02,"GoDaddy.com, LLC"
accessary.social,available,66,1%,9,"Business,Law,Technology",,,
xvi.social,available,66,5%,3,Mathematics,,,
adorned.social,available,66,5%,7,"Entertainment,Fashion,Retail",,,
xxv.social,available,66,6%,3,Mathematics,,,
latest.social,expiring,66,18%,6,Technology,30/08/2022 00:41,30/08/2025 00:41,"NameCheap, Inc."
onec.social,available,66,6%,5,Mathematics,,,
performing.social,available,66,6%,10,Entertainment,,,
xviii.social,available,66,5%,5,Mathematics,,,
exonerated.social,available,66,2%,10,"Humanities,Law,Politics",,,
teenager.social,available,66,4%,8,"Education,Entertainment,Healthcare",,,
xxi.social,available,66,10%,3,Mathematics,,,
xiii.social,available,66,9%,4,Mathematics,,,
xvii.social,available,66,5%,4,Mathematics,,,
century.social,resell,66,17%,7,Education,25/05/2024 17:00,25/05/2026 17:00,"Xiamen ChinaSource Internet Service Co., Ltd"
adopted.social,available,66,4%,7,"Education,Healthcare",,,
tenner.social,available,66,5%,6,Finance,,,
sextet.social,available,66,1%,6,Entertainment,,,
acervate.social,available,66,1%,8,Science,,,
astringent.social,available,64,1%,10,"Healthcare,Pharmaceuticals",,,
adagio.social,available,64,14%,6,Entertainment,,,
scatty.social,available,64,1%,6,"Arts,Entertainment,Media",,,
deviant.social,available,64,12%,7,"Medicine,Science",,,
rising.social,resell,64,18%,6,"Construction,Manufacturing,Real Estate",15/01/2025 15:15,15/01/2026 15:15,"Sav.com, LLC - 8"
nondrinker.social,available,64,1%,10,"Health and Fitness,Religion",,,
accordant.social,available,64,3%,9,"Arts,Entertainment",,,
acentric.social,available,64,2%,8,Science,,,
ccc.social,resell,64,38%,3,Mathematics,23/01/2025 00:59,23/01/2027 00:59,"GoDaddy.com, LLC"
absolved.social,available,64,1%,8,"Humanities,Law,Religion",,,
aflame.social,available,64,3%,6,Entertainment,,,
eighteenth.social,available,62,1%,10,Mathematics,,,
aufait.social,available,62,3%,7,"Fashion,Media",,,
eleventh.social,available,62,5%,8,Mathematics,,,
playacting.social,available,62,1%,10,Entertainment,,,
chiliad.social,available,62,2%,7,Mathematics,,,
cumulative.social,available,62,2%,10,"Banking,Finance,Insurance",,,
exculpated.social,available,62,1%,10,"Humanities,Law,Politics",,,
aborigine.social,available,62,1%,9,Humanities,,,
abo.social,available,62,15%,3,Science,,,
accusing.social,available,62,1%,8,Law,,,
ensuant.social,available,62,1%,7,"Healthcare,Insurance,Transportation",,,
troika.social,available,62,8%,6,Politics,,,
fortyfour.social,available,62,6%,10,Mathematics,,,
quartet.social,available,62,7%,7,"Arts,Entertainment",,,
sixteenth.social,available,62,1%,9,Mathematics,,,
activistic.social,available,62,1%,10,"Humanities,Politics",,,
admissible.social,available,62,1%,10,"Education,Healthcare,Law",,,
pungent.social,available,62,1%,7,Food and Beverage,,,
orso.social,available,62,9%,5,"Business,Media,Technology",,,
twodozen.social,available,62,1%,9,Mathematics,,,
acidic.social,available,62,5%,6,"Food and Beverage,Science",,,
nail.social,resell,62,16%,4,"Construction,Fashion,General,Retail",07/12/2024 17:00,07/12/2025 17:00,"Sav.com, LLC - 40"
adoptive.social,available,62,1%,8,"Education,Healthcare",,,
adjuvant.social,available,62,5%,8,"Healthcare,Manufacturing,Technology",,,
roughly.social,available,62,3%,7,"Business,Media,Technology",,,
accrued.social,available,62,2%,7,"Banking,Finance,Insurance",,,
longdozen.social,available,62,2%,10,Mathematics,,,
idolised.social,available,60,1%,8,"Entertainment,Fashion,Retail",,,
cxx.social,available,60,10%,3,Mathematics,,,
cxxx.social,available,60,4%,4,Mathematics,,,
sixty.social,available,60,13%,5,Mathematics,,,
clxv.social,available,60,1%,4,Mathematics,,,
cxlv.social,available,60,2%,4,Mathematics,,,
adnate.social,available,60,1%,6,"Agriculture,Manufacturing,Retail",,,
annexal.social,available,60,1%,7,"Agriculture,Manufacturing,Retail",,,
cxxxv.social,available,60,2%,5,Mathematics,,,
thou.social,available,60,7%,4,Mathematics,,,
eightysix.social,available,60,7%,10,Mathematics,,,
abashed.social,available,60,1%,7,Humanities,,,
idolized.social,available,60,3%,8,"Entertainment,Fashion,Retail",,,
cxxv.social,available,60,1%,4,Mathematics,,,
xcl.social,available,60,5%,3,Mathematics,,,
clxxv.social,available,60,1%,5,Mathematics,,,
cxl.social,available,60,7%,3,Mathematics,,,
clxx.social,available,60,3%,4,Mathematics,,,
abstemious.social,available,60,0%,10,"Food and Beverage,Health and Fitness,Hospitality",,,
tertiary.social,available,60,4%,8,Education,,,
clx.social,available,60,10%,3,Mathematics,,,
paunchy.social,available,60,0%,7,"Health and Fitness,Medicine",,,
aboveboard.social,available,60,5%,10,"Business,Law",,,
clxxx.social,available,60,1%,5,Mathematics,,,
cautionary.social,available,60,1%,10,"Business,Education,Healthcare",,,
cxv.social,available,60,4%,3,Mathematics,,,
adnexal.social,available,60,1%,7,"Agriculture,Manufacturing,Retail",,,
acceptive.social,available,60,1%,9,"Education,Healthcare",,,
abstainer.social,available,60,0%,9,"Health and Fitness,Religion",,,
tercet.social,available,59,2%,6,"Arts,Entertainment,Media",,,
accoutred.social,available,58,1%,9,"Fashion,Manufacturing,Retail",,,
justabout.social,available,58,3%,10,"Business,Media,Technology",,,
acyclic.social,available,58,4%,7,"Engineering,Mathematics,Science",,,
accretive.social,available,58,6%,9,"Banking,Finance,Insurance",,,
abuzz.social,available,58,5%,5,"Entertainment,Media,Technology",,,
actuarial.social,available,58,8%,9,"Finance,Insurance,Mathematics",,,
sixer.social,available,58,5%,5,Sports,,,
sextuplet.social,available,58,1%,9,Healthcare,,,
ache.social,available,58,7%,4,Healthcare,,,
lxxviii.social,available,58,1%,7,Mathematics,,,
niner.social,available,58,5%,5,Mathematics,,,
lxxx.social,available,58,2%,4,Mathematics,,,
abandoned.social,available,58,10%,9,"Construction,Real Estate",,,
acetic.social,available,58,1%,6,"Food and Beverage,Science",,,
enwrapped.social,available,58,0%,9,"Entertainment,Fashion,Media",,,
closeto.social,available,58,3%,8,"Business,Media,Technology",,,
quintet.social,available,58,8%,7,"Arts,Entertainment",,,
sixtyone.social,available,58,3%,9,Mathematics,,,
heptad.social,available,58,1%,6,Mathematics,,,
adient.social,available,58,4%,6,"Medicine,Science",,,
fifth.social,available,58,12%,5,Mathematics,,,
accented.social,available,58,3%,8,"Arts,Entertainment",,,
fourscore.social,available,58,4%,9,Mathematics,,,
eighter.social,available,58,2%,7,Mathematics,,,
addible.social,available,58,2%,7,"Engineering,Mathematics,Science",,,
abused.social,available,58,5%,6,"Healthcare,Law",,,
octad.social,available,58,5%,5,Mathematics,,,
twelfth.social,available,58,2%,7,Mathematics,,,
pentad.social,available,58,2%,6,Mathematics,,,
abridged.social,available,58,4%,8,Media,,,
centesimal.social,available,58,1%,10,Mathematics,,,
tetrad.social,available,58,5%,6,Mathematics,,,
offhanded.social,available,58,1%,9,Entertainment,,,
hexad.social,available,58,4%,5,Mathematics,,,
adjustive.social,available,58,1%,9,"Manufacturing,Retail,Technology",,,
addressed.social,available,58,3%,9,"Business,Technology,Telecommunications",,,
aucourant.social,available,58,3%,10,"Fashion,Media",,,
liii.social,available,56,4%,4,Mathematics,,,
xxix.social,available,56,4%,4,Mathematics,,,
xlviii.social,available,56,1%,6,Mathematics,,,
terzetto.social,available,56,3%,8,Arts,,,
potbellied.social,available,56,0%,10,"Health and Fitness,Medicine",,,
halfdozen.social,available,56,1%,10,Mathematics,,,
xxviii.social,available,56,1%,6,Mathematics,,,
xlii.social,available,56,5%,4,Mathematics,,,
xxxiv.social,available,56,1%,5,Mathematics,,,
xxiv.social,available,56,5%,4,Mathematics,,,
admittable.social,available,56,1%,10,"Education,Healthcare,Hospitality",,,
thirtysix.social,available,56,5%,10,Mathematics,,,
ilx.social,available,56,5%,3,Mathematics,,,
abdominous.social,available,56,0%,10,"Health and Fitness,Medicine",,,
xlvii.social,available,56,2%,5,Mathematics,,,
fiftyone.social,available,56,7%,9,Mathematics,,,
lvi.social,available,56,8%,3,Mathematics,,,
fiftyfive.social,available,56,7%,10,Mathematics,,,
lviii.social,available,56,1%,5,Mathematics,,,
xxxi.social,available,56,9%,4,Mathematics,,,
aone.social,available,56,15%,5,Food and Beverage,,,
xxxvi.social,available,56,1%,5,Mathematics,,,
fiftytwo.social,available,56,6%,9,Mathematics,,,
xxxvii.social,available,56,2%,6,Mathematics,,,
xxxviii.social,available,56,1%,7,Mathematics,,,
xli.social,available,56,5%,3,Mathematics,,,
xlv.social,available,56,6%,3,Mathematics,,,
fortyone.social,available,56,4%,9,Mathematics,,,
xxxiii.social,available,56,2%,6,Mathematics,,,
maledict.social,available,56,1%,8,Religion,,,
abeyant.social,available,56,1%,7,"Business,Law",,,
thirtyone.social,available,56,5%,10,Mathematics,,,
admissive.social,available,56,1%,9,"Education,Healthcare,Hospitality",,,
thirtytwo.social,available,56,5%,10,Mathematics,,,
accoutered.social,available,56,0%,10,"Fashion,Manufacturing,Retail",,,
addled.social,available,56,2%,6,Entertainment,,,
xxvii.social,available,56,3%,5,Mathematics,,,
fortytwo.social,available,56,17%,9,Mathematics,,,
xxiii.social,available,56,5%,5,Mathematics,,,
xxxv.social,available,56,4%,4,Mathematics,,,
fortysix.social,available,56,3%,9,Mathematics,,,
admittible.social,available,56,1%,10,"Education,Healthcare,Hospitality",,,
fiftysix.social,available,56,4%,9,Mathematics,,,
appressed.social,available,56,0%,9,"Agriculture,Manufacturing,Retail",,,
fiftyfour.social,available,56,3%,10,Mathematics,,,
fortynine.social,available,56,3%,10,Mathematics,,,
xlvi.social,available,56,3%,4,Mathematics,,,
fiftynine.social,available,56,4%,10,Mathematics,,,
triad.social,available,56,15%,5,Arts,,,
lvii.social,available,56,1%,4,Mathematics,,,
xliv.social,available,56,2%,4,Mathematics,,,
xliii.social,available,56,1%,5,Mathematics,,,
xxxii.social,available,56,1%,5,Mathematics,,,
accentual.social,available,54,3%,9,"Arts,Entertainment",,,
quintuplet.social,available,54,1%,10,"Healthcare,Medicine,Science",,,
abducens.social,available,54,1%,8,Medicine,,,
achy.social,available,54,3%,4,Healthcare,,,
achromatic.social,available,54,4%,10,Science,,,
vii.social,available,54,13%,3,Mathematics,,,
unnatural.social,available,54,4%,9,"Medicine,Science",,,
abatable.social,available,54,1%,8,Law,,,
deuceace.social,available,54,2%,9,Sports,,,
abasic.social,available,54,1%,6,Science,,,
quadruplet.social,available,54,1%,10,"Healthcare,Medicine,Science",,,
quaternion.social,available,54,6%,10,Mathematics,,,
ternion.social,available,54,3%,7,Mathematics,,,
abaxial.social,available,54,1%,7,Science,,,
actuated.social,available,54,2%,8,"Automotive,Manufacturing,Technology",,,
adductive.social,available,54,0%,9,"Engineering,Mathematics,Science",,,
fortyfive.social,available,54,4%,10,Mathematics,,,
fin.social,resell,54,30%,3,Finance,25/01/2018 22:04,25/01/2026 22:04,"Chengdu West Dimension Digital Technology Co., Ltd."
aboral.social,available,54,2%,6,Science,,,
adducent.social,available,54,1%,8,"Engineering,Mathematics,Science",,,
acoustical.social,available,54,4%,10,Science,,,
abient.social,available,54,1%,6,Science,,,
twoscore.social,available,54,2%,8,Mathematics,,,
adjuratory.social,available,54,0%,10,"Law,Politics,Religion",,,
accursed.social,available,54,3%,8,"Entertainment,Media,Religion",,,
viii.social,available,54,6%,4,Mathematics,,,
scratchy.social,available,54,3%,8,Fashion,,,
sise.social,available,54,5%,4,Mathematics,,,
monitory.social,available,54,3%,8,"Business,Education,Healthcare",,,
adpressed.social,available,54,0%,9,"Agriculture,Manufacturing,Retail",,,
iii.social,available,54,24%,3,Mathematics,,,
quaternity.social,available,54,4%,10,Mathematics,,,
abatic.social,available,54,1%,6,Science,,,
threescore.social,available,54,1%,10,Mathematics,,,
quatern.social,available,54,2%,7,Mathematics,,,
deserted.social,available,54,3%,8,"Hospitality,Real Estate",,,
adaxial.social,available,54,2%,7,Science,,,
adducting.social,available,54,1%,9,"Engineering,Mathematics,Science",,,
abhorrent.social,available,54,1%,9,Humanities,,,
admonitory.social,available,54,0%,10,"Business,Education,Healthcare",,,
xxx.social,available,53,30%,3,"Arts,Entertainment,Media",,,
septet.social,available,53,1%,6,General,,,
sestet.social,available,53,1%,6,Arts,,,
lxvi.social,available,52,3%,4,Mathematics,,,
xcii.social,available,52,2%,4,Mathematics,,,
lxiii.social,available,52,2%,5,Mathematics,,,
abstruse.social,available,52,5%,8,"Humanities,Mathematics,Science",,,
odious.social,available,52,2%,6,"Entertainment,Humanities",,,
lxxiii.social,available,52,1%,6,Mathematics,,,
abysmal.social,available,52,4%,7,"Arts,Entertainment,Media",,,
xciv.social,available,52,2%,4,Mathematics,,,
xcvi.social,available,52,2%,4,Mathematics,,,
sixtytwo.social,available,52,3%,9,Mathematics,,,
sixtyfive.social,available,52,3%,10,Mathematics,,,
lxviii.social,available,52,1%,6,Mathematics,,,
lxv.social,available,52,5%,3,Mathematics,,,
lxvii.social,available,52,1%,5,Mathematics,,,
lxxvii.social,available,52,2%,6,Mathematics,,,
uphill.social,available,52,7%,6,"Sports,Transportation,Travel",,,
lxxxv.social,available,52,1%,5,Mathematics,,,
xci.social,available,52,4%,3,Mathematics,,,
xcviii.social,available,52,1%,6,Mathematics,,,
ninetysix.social,available,52,4%,10,Mathematics,,,
tierce.social,available,52,3%,6,General,,,
adenoidal.social,available,52,1%,9,"Health and Fitness,Medicine,Science",,,
detestable.social,available,52,1%,10,Humanities,,,
littlejoe.social,available,52,2%,10,"Entertainment,Media",,,
ninetytwo.social,available,52,4%,10,Mathematics,,,
lxxiv.social,available,52,1%,5,Mathematics,,,
lxxi.social,available,52,1%,4,Mathematics,,,
lxxxii.social,available,52,1%,6,Mathematics,,,
eightytwo.social,available,52,4%,10,Mathematics,,,
abominable.social,available,52,2%,10,"Entertainment,Humanities",,,
lxxii.social,available,52,1%,5,Mathematics,,,
ninetyone.social,available,52,5%,10,Mathematics,,,
eightyone.social,available,52,3%,10,Mathematics,,,
lxxxiv.social,available,52,1%,6,Mathematics,,,
repulsive.social,available,52,1%,9,Humanities,,,
lxxvi.social,available,52,1%,5,Mathematics,,,
lxi.social,available,52,5%,3,Mathematics,,,
repugnant.social,available,52,1%,9,Humanities,,,
ixl.social,available,52,9%,3,Mathematics,,,
sixtyfour.social,available,52,3%,10,Mathematics,,,
lxii.social,available,52,1%,4,Mathematics,,,
lxxxi.social,available,52,1%,5,Mathematics,,,
decumbent.social,available,52,1%,9,"Healthcare,Medicine,Science",,,
ablated.social,available,52,1%,7,Science,,,
xciii.social,available,52,1%,5,Mathematics,,,
sixtysix.social,available,52,4%,9,Mathematics,,,
abusive.social,available,52,3%,7,"Healthcare,Law",,,
lxxxvi.social,available,52,1%,6,Mathematics,,,
lxxv.social,available,52,1%,4,Mathematics,,,
chagrined.social,available,52,1%,9,Humanities,,,
xcv.social,available,52,7%,3,Mathematics,,,
lxxxvii.social,available,52,1%,7,Mathematics,,,
aboulic.social,available,52,1%,7,Medicine,,,
xcvii.social,available,52,1%,5,Mathematics,,,
lxxxiii.social,available,52,1%,7,Mathematics,,,
lxiv.social,available,52,3%,4,Mathematics,,,
scummy.social,available,50,1%,6,Humanities,,,
needlelike.social,available,50,0%,10,"Engineering,Medicine,Science",,,
abomasal.social,available,50,0%,8,Agriculture,,,
broached.social,available,50,0%,8,Food and Beverage,,,
aculeated.social,available,50,0%,9,"Engineering,Medicine,Science",,,
aborticide.social,available,50,0%,10,Medicine,,,
lxx.social,available,50,5%,3,Mathematics,,,
acerbic.social,available,50,2%,7,"Arts,Humanities,Media",,,
spinous.social,available,50,1%,7,"Agriculture,Science",,,
adhominem.social,available,50,2%,10,"Humanities,Law,Politics",,,
adactylous.social,available,50,0%,10,Science,,,
acerb.social,available,50,2%,5,Science,,,
acetose.social,available,50,1%,7,Science,,,
acapnic.social,available,50,0%,7,"Healthcare,Medicine,Science",,,
abducting.social,available,50,0%,9,Medicine,,,
acerose.social,available,50,1%,7,Science,,,
acapnotic.social,available,50,0%,9,"Healthcare,Medicine,Science",,,
triplet.social,available,50,8%,7,Science,,,
acellular.social,available,50,1%,9,Science,,,
cinque.social,available,50,7%,6,Mathematics,,,
gillless.social,available,50,0%,9,Science,,,
acaudal.social,available,50,1%,7,"Agriculture,Science",,,
ogdoad.social,available,50,1%,6,Mathematics,,,
acquitted.social,available,50,1%,9,Law,,,
vinegary.social,available,50,1%,8,Food and Beverage,,,
abbatial.social,available,50,0%,8,Religion,,,
abranchial.social,available,50,0%,10,Science,,,
abdicable.social,available,50,0%,9,Law,,,
abactinal.social,available,50,0%,9,Science,,,
acetous.social,available,50,1%,7,Science,,,
notguilty.social,available,48,5%,10,Law,,,
abyssal.social,available,48,12%,7,"Arts,Entertainment,Media",,,
lxxxviii.social,available,48,1%,8,Mathematics,,,
ilxxx.social,available,48,1%,5,Mathematics,,,
ilxx.social,available,48,1%,4,Mathematics,,,
execrable.social,available,48,0%,9,"Entertainment,Humanities",,,
abstracted.social,available,48,5%,10,"Arts,Humanities,Science",,,
acarpelous.social,available,46,0%,10,"Agriculture,Science",,,
acaudate.social,available,46,1%,8,"Agriculture,Science",,,
acephalous.social,available,46,1%,10,Science,,,
acetylic.social,available,46,1%,8,Science,,,
quaternary.social,available,46,3%,10,Mathematics,,,
acheronian.social,available,46,1%,10,Humanities,,,
acicular.social,available,46,2%,8,Science,,,
vinegarish.social,available,46,1%,10,Food and Beverage,,,
theabsurd.social,available,46,1%,10,"Arts,Entertainment,Media",,,
achromic.social,available,46,2%,8,Science,,,
acetylenic.social,available,46,1%,10,Science,,,
stripling.social,available,46,2%,9,"Education,Entertainment,Healthcare",,,
acetonic.social,available,46,1%,8,Science,,,
acetabular.social,available,46,1%,10,Science,,,
acanthotic.social,available,46,0%,10,"Agriculture,Science",,,
acanthoid.social,available,46,1%,9,"Agriculture,Science",,,
achromous.social,available,46,1%,9,Science,,,
stemless.social,available,46,2%,8,"Agriculture,Science",,,
acarpous.social,available,46,0%,8,"Agriculture,Science",,,
cotyloid.social,available,46,1%,8,Science,,,
acanthous.social,available,46,0%,9,"Agriculture,Science",,,
acapnial.social,available,46,0%,8,"Healthcare,Medicine,Science",,,
achenial.social,available,46,1%,8,Science,,,
cotyloidal.social,available,44,1%,10,Science,,,
accusatory.social,available,44,1%,10,Law,,,
acherontic.social,available,44,1%,10,Humanities,,,
abscessed.social,available,41,0%,9,Healthcare,,,
accusive.social,available,40,1%,8,Law,,,
accurst.social,available,40,1%,7,Religion,,,
scurrilous.social,available,40,1%,10,"Entertainment,Media,Politics",,,